Serial_Number,Food_Name,Expiry_Date,Date_Purchased,Inventory_Quantity,Days_Remaining,Status
0001,apple juice,10/12/2026,29/09/2026,5,71,FRESH
0002,Greek Yogurt,1/10/2026,22/9/2026,6,1,EXPIRING
0003,Butter Unsalted,10/12/2026,10/9/2026,3,71,FRESH
0004,Heavy Cream,8/10/2026,21/9/2026,1,8,EXPIRING
0005,Mozzarella Cheese,20/10/2026,15/9/2026,2,20,EXPIRING
0006,Cottage Cheese,12/10/2026,19/9/2026,2,12,EXPIRING
0007,Sour Cream,18/10/2026,20/9/2026,1,18,EXPIRING
0008,Fresh Salmon Fillet,25/9/2026,22/9/2026,3,-5,EXPIRED
0009,Ground Beef 80/20,28/9/2026,21/9/2026,5,-2,EXPIRED
0010,Chicken Breast,29/9/2026,20/9/2026,8,-1,EXPIRED
0011,Pork Chops,27/9/2026,21/9/2026,4,-3,EXPIRED
0012,Bacon Strip Pack,15/10/2026,18/9/2026,3,15,EXPIRING
0013,Raw Shrimp,26/9/2026,22/9/2026,2,-4,EXPIRED
0014,Ribeye Steak,28/9/2026,22/9/2026,2,-2,EXPIRED
0015,Organic Spinach,27/9/2026,21/9/2026,2,-3,EXPIRED
0016,Gala Apples,12/10/2026,15/9/2026,12,12,EXPIRING
0017,Avocados,26/9/2026,21/9/2026,4,-4,EXPIRED
0018,Bananas,28/9/2026,22/9/2026,7,-2,EXPIRED
0019,Carrots 1kg,20/10/2026,18/9/2026,1,20,EXPIRING
0020,Yellow Onions,1/11/2026,10/9/2026,5,32,FRESH
0021,Russet Potatoes 5kg,15/11/2026,10/9/2026,1,46,FRESH
0022,Broccoli Crown,29/9/2026,21/9/2026,3,-1,EXPIRED
0023,Cherry Tomatoes,30/9/2026,22/9/2026,2,0,EXPIRED
0024,Whole Wheat Bread,30/9/2026,22/9/2026,2,0,EXPIRED
0025,Sourdough Loaf,27/9/2026,21/9/2026,1,-3,EXPIRED
0026,Bagels 6-pack,2/10/2026,22/9/2026,1,2,EXPIRING
0027,Croissants 4-pack,25/9/2026,21/9/2026,2,-5,EXPIRED
0028,Pita Bread,5/10/2026,19/9/2026,3,5,EXPIRING
0029,Canned Black Beans,10/8/2027,10/9/2026,10,314,FRESH
0030,Extra Virgin Olive Oil,1/12/2027,15/8/2026,1,427,FRESH
0031,Jasmine Rice 5kg,30/6/2027,1/9/2026,1,273,FRESH
0032,Penne Pasta,15/1/2028,20/8/2026,4,472,FRESH
0033,Canned Diced Tomatoes,10/10/2027,5/9/2026,8,375,FRESH
0034,Peanut Butter,20/5/2027,10/8/2026,2,232,FRESH
0035,Rolled Oats,12/3/2027,1/9/2026,2,163,FRESH
0036,Soy Sauce,1/5/2028,15/7/2026,1,579,FRESH
0037,Granulated Sugar,1/9/2028,10/6/2026,1,702,FRESH
0038,All-Purpose Flour,15/9/2027,1/8/2026,2,350,FRESH
0039,Frozen Mixed Vegetables,15/3/2027,5/9/2026,3,166,FRESH
0040,Vanilla Ice Cream,20/1/2027,12/9/2026,2,112,FRESH
0041,Frozen Blueberries,10/5/2027,1/9/2026,2,222,FRESH
0042,Frozen Pizza,18/2/2027,14/9/2026,4,141,FRESH
0043,Frozen Chicken Nuggets,1/4/2027,10/9/2026,2,183,FRESH
0044,Sparkling Water 12-pack,1/3/2027,5/9/2026,3,152,FRESH
0045,frozen fish,12/12/2026,29/09/2026,5,73,FRESH
0046,water,12/09/2026,30/09/2026,10,-18,EXPIRED
